fps,tensor_fps
10.272569886839682,11.347119869276803
9.996123603227904,10.94512697932215
9.932345984245845,11.89569755239797
9.937369845795313,11.352955506352755
9.741566185496293,5.20582106131973
